Number,Company Name,Employee Name
9.79E+03,TALES OF SHIVA,Mark
9.79E+03,1Q84 THE COMPLETE TRILOGY,HARUKI MURAKAMI
9.79E+03,MY KUMAN,Mark
9.79E+03,THE GOD OF SMAAL THINGS,ARUNDHATI ROY
9.79E+03,THE BLACK CIRCLE,Mark
9.79E+03,THE THREE LAWS OF PERFORMANCE,Mark
9.79E+03,CHAMarkKYA MANTRA,Mark
9.79E+03,59.FLAGS,Mark
9.79E+03,THE POWER OF POSITIVE THINKING FROM,Mark
9.79E+03,YOU CAN IF YO THINK YO CAN,PEALE
9.79E+03,DONGRI SE DUBAI TAK (MPH),Mark
9.79E+03,MarkLANDA ADYTAN KOSH,Mark
9.79E+03,MarkLANDA VISHAL SHABD SAGAR,-
9.79E+03,MarkLANDA CONCISE DICT(ENG TO HINDI),Mark
9.79E+03,LIEUTEMarkMarkT GENERAL BHAGAT: A SAGA OF BRAVERY AND LEADERSHIP,Mark
9.79E+03,LN. MarkIK SUNDER SINGH,N.A
9.79E+03,I AM KRISHMark,DEEP TRIVEDI
9.79E+03,DON'T TEACH ME TOLERANCE INDIA,DEEP TRIVEDI
9.79E+03,MUJHE SAHISHNUTA MAT SIKHAO BHARAT,DEEP TRIVEDI
